file,code,comments,docstrings,blank,total
workflows\study_design\runtime.py,2777,13,135,319,3244
workflows\file_tools\ffield_workflow.py,1985,1,95,192,2273
webui\ui\analysis\callback_helpers.py,1908,13,12,220,2153
help\help_index_loader.py,1734,36,392,388,2550
engine\ams\adapter.py,1626,12,323,199,2160
analysis\timeseries\timeseries.py,1461,0,653,297,2411
webui\ui\analysis\callback_sections\properties_callbacks.py,1269,1,28,28,1326
engine\common\generators\ffield_generator.py,1218,3,247,182,1650
analysis\electrostatics\electrostatics.py,1174,7,470,184,1835
core\runtime\analysis_executor.py,1127,43,97,80,1347
engine\reaxff\io\fort7_handler.py,1123,23,150,96,1392
core\storage\frame_store.py,1078,13,42,93,1226
engine\reaxff\generators\trainset_yaml.py,1065,2,159,110,1336
workflows\trajectory_workflow.py,990,2,58,111,1161
analysis\force_field\report.py,970,3,317,183,1473
engine\reaxff\adapter_parts\normalizers.py,919,2,102,110,1133
analysis\ferroelectrics\hbn_reference\polarization.py,871,16,33,106,1026
engine\reaxff\io\xmolout_handler.py,825,12,111,87,1035
workflows\force_field_opt\get_ffield_opt_plots.py,813,0,20,57,890
webui\backend\node_runtime.py,760,6,4,53,823
analysis\connectivity\connectivity.py,759,0,447,142,1348
analysis\active_sites\structural.py,736,2,98,120,956
analysis\ferroelectrics\hbn_reference\local_polarization.py,680,0,15,58,753
domain\data_models.py,674,3,517,245,1439
workflows\electrostatics\electrostatics_workflow.py,654,0,48,94,796
engine\common\io\ffield_handler.py,629,25,219,167,1040
analysis\ferroelectrics\dynamic_charge.py,608,0,15,60,683
analysis\active_sites\events.py,595,1,120,86,802
webui\ui\analysis\callback_sections\pipeline_callbacks.py,587,2,0,40,629
analysis\ferroelectrics\binned_dynamic_charge.py,578,0,10,59,647
workflows\ferroelectrics\switching_kinetics\common.py,569,0,63,47,679
engine\reaxff\generators\trainset_heatfo.py,567,0,130,87,784
analysis\trajectory\voronoi.py,566,1,201,130,898
analysis\ferroelectrics\four_folded_wurtzite\neighbors.py,556,9,12,77,654
analysis\trajectory\rdf.py,556,1,234,109,900
engine\reaxff\generators\geo_generator.py,554,0,132,104,790
engine\reaxff\io\trainset_handler.py,547,52,217,167,983
workflows\timeseries\timeseries_workflow.py,534,0,67,85,686
workflows\connectivity_workflow.py,531,0,58,73,662
analysis\molecular_analysis\molecular_analysis.py,526,0,388,139,1053
webui\ui\analysis\callback_sections\visualization_callbacks.py,524,0,28,24,576
presentation\active_sites\reporting.py,508,0,150,89,747
analysis\ferroelectrics\hbn_reference\projected_polarity.py,494,0,5,64,563
engine\lammps\dump_handler.py,492,0,65,61,618
analysis\ferroelectrics\basal_plane_displacement_for_dipole_moment\projected_polarity.py,491,0,5,62,558
cli\help_flag_registry.py,482,1,1,1,485
core\study\present_engine.py,465,0,380,75,920
core\study\aggregate_engine.py,460,0,428,110,998
core\storage\storage_layout.py,455,1,887,202,1545
analysis\molecular_analysis\isomer_detection.py,454,0,137,96,687
cli\main.py,443,0,52,80,575
webui\backend\jobs.py,442,5,7,21,475
workflows\ferroelectrics\hbn_reference\local_polarization_workflow.py,440,0,2,35,477
workflows\file_tools\geo_workflow.py,438,1,53,60,552
engine\reaxff\adapter_parts\streaming.py,429,8,5,29,471
workflows\timeseries\common.py,424,1,8,67,500
engine\reaxff\generators\trainset_mp.py,416,0,54,70,540
workflows\presentation\gen_plot_workflow.py,416,13,195,114,738
analysis\ferroelectrics\four_folded_wurtzite\polarity.py,414,1,8,47,470
core\registry\analysis_cli_routing_registry.py,414,0,72,26,512
workflows\file_tools\trainset_workflow.py,414,0,49,64,527
webui\backend\utility_registry.py,409,0,8,53,470
engine\reaxff\generators\eregime_generator.py,404,3,304,81,792
analysis\active_sites\event_diagnostics.py,387,0,8,43,438
analysis\molecular_analysis\isomer_representative_detection.py,383,0,54,60,497
workflows\ferroelectrics\dynamic_charge_workflow.py,383,1,7,49,440
analysis\force_field\trainset.py,375,0,206,94,675
analysis\ferroelectrics\basal_plane_displacement_for_dipole_moment\local_polarization.py,362,2,12,44,420
engine\reaxff\generators\fort7_repair.py,362,25,45,64,496
workflows\ferroelectrics\basal_plane_displacement_for_dipole_moment\local_polarization_workflow.py,362,0,4,37,403
workflows\active_site_workflow.py,359,0,48,51,458
workflows\ferroelectrics\hbn_reference\projected_polarity_workflow.py,359,0,3,30,392
core\runtime\artifacts.py,356,5,8,51,420
presentation\plot\renderers\beeswarm.py,352,1,38,31,422
presentation\reporting.py,340,2,98,74,514
workflows\meta\manage_workspace_workflow.py,340,0,55,62,457
engine\reaxff\generators\trainset_elastic_energy.py,339,0,151,79,569
workflows\file_tools\control_workflow.py,339,0,85,64,488
engine\reaxff\adapter.py,337,1,85,64,487
analysis\molecular_analysis\jaguar_isomer_jobs.py,336,0,21,62,419
analysis\ferroelectrics\three_folded_wurtzite\polarity.py,335,3,4,44,386
engine\lammps\adapter.py,331,0,138,62,531
analysis\force_field\diagnostic_beeswarm.py,329,0,21,47,397
analysis\ferroelectrics\charge_extxyz.py,322,0,6,38,366
workflows\presentation\plot_atom_property_workflow.py,319,0,53,58,430
core\runtime\frame_pipeline.py,315,2,15,36,368
webui\backend\api.py,311,0,8,51,370
engine\reaxff\adapter_parts\loaders_properties.py,310,4,227,88,629
analysis\active_sites\models.py,306,0,150,38,494
engine\reaxff\generators\xmolout_generator.py,303,0,91,63,457
presentation\stress_strain\z_binned_strain_plots.py,301,0,50,35,386
analysis\ferroelectrics\charge_field.py,300,0,5,36,341
core\runtime\execution_contracts.py,298,3,9,56,366
presentation\powerpoint.py,298,0,12,35,345
workflows\ferroelectrics\basal_plane_displacement_for_dipole_moment\projected_polarity_workflow.py,298,0,3,32,333
workflows\force_field_opt\energy_categories.py,298,0,10,33,341
core\study\analyze_engine.py,293,0,91,22,406
webui\ui\analysis\callback_sections\execution_callbacks.py,293,0,28,29,350
workflows\electrostatics\dielectric_constant_workflow.py,293,0,10,34,337
presentation\persist.py,292,0,77,48,417
webui\backend\artifact_tables.py,289,3,7,25,324
workflows\force_field_opt\heatfo.py,288,0,9,35,332
analysis\electrostatics\potential_and_electric_field\calculation.py,286,0,5,32,323
analysis\electrostatics\potential_and_electric_field\analysis.py,281,0,4,44,329
analysis\ferroelectrics\three_folded_wurtzite\neighbors.py,281,0,6,34,321
analysis\connectivity\coordination.py,280,1,112,61,454
core\platform\human_log.py,279,0,13,43,335
analysis\trajectory\relabel.py,275,0,129,53,457
workflows\file_tools\isomer_workflow.py,274,0,10,36,320
workflows\force_field_opt\get_ffield_opt_report.py,273,0,15,31,319
engine\reaxff\adapter_parts\loaders_dynamics.py,268,0,153,67,488
workflows\ferroelectrics\charge_field_workflow.py,266,0,3,34,303
analysis\ferroelectrics\basal_plane_displacement_for_dipole_moment\dipole.py,264,0,35,44,343
engine\reaxff\io\base.py,263,10,142,67,482
core\study\manage_engine.py,260,0,252,62,574
analysis\electrostatics\dielectric_constant.py,258,2,21,42,323
analysis\active_sites\defects.py,257,1,140,71,469
engine\reaxff\generators\trainset_elastic_geometry.py,256,0,82,49,387
webui\backend\plot_queries.py,256,5,6,22,289
presentation\dispatcher.py,255,1,98,37,391
webui\ui\analysis\callback_sections\canvas_callbacks.py,255,2,29,23,309
webui\ui\analysis\tasks\autogen.py,254,2,1,51,308
workflows\molecular_analysis_workflow.py,254,0,50,49,353
workflows\per_file\fort7_workflow.py,253,2,1,33,289
analysis\connectivity\hybridization.py,249,0,120,54,423
webui\backend\pipeline_store.py,244,1,7,33,285
workflows\force_field_opt\geometry_targets.py,241,0,5,29,275
analysis\molecular_analysis\isomer_trainset.py,238,0,20,51,309
workflows\ferroelectrics\hbn_reference\polarization_workflow.py,238,0,1,24,263
analysis\ferroelectrics\switching_kinetics\fitting.py,235,2,9,32,278
analysis\trajectory\diffusivity.py,233,0,96,47,376
analysis\ferroelectrics\four_folded_wurtzite\trajectory.py,232,0,5,33,270
workflows\force_field_opt\get_force_field_opt_geo_files.py,232,0,6,41,279
workflows\kinematics_workflow.py,229,0,49,54,332
workflows\file_tools\eregime_workflow.py,227,0,57,38,322
analysis\ferroelectrics\three_folded_wurtzite\polarization.py,226,1,5,45,277
analysis\validation.py,225,0,48,62,335
core\runtime\benchmark.py,221,0,4,31,256
analysis\force_field\diagnostics.py,218,0,116,57,391
analysis\ferroelectrics\three_folded_wurtzite\trajectory.py,214,0,3,32,249
presentation\active_sites\plot_exports.py,214,0,48,37,299
engine\reaxff\adapter_parts\loaders_forcefield.py,213,0,206,78,497
webui\ui\shell\callbacks.py,212,0,3,23,238
workflows\ferroelectrics\four_folded_wurtzite\artifacts.py,208,1,4,18,231
engine\reaxff\generators\control_generator.py,207,4,74,50,335
analysis\force_field\force_field.py,206,0,109,58,373
analysis\params\params.py,205,0,114,53,372
engine\reaxff\io\vels_handler.py,201,3,224,92,520
workflows\ferroelectrics\three_folded_wurtzite\polarization_workflow.py,200,0,2,31,233
core\storage\cache_manager.py,198,1,229,58,486
workflows\force_field_opt\report_linkage.py,198,0,6,23,227
workflows\ferroelectrics\four_folded_wurtzite\common.py,195,1,2,20,218
workflows\stress_strain\z_binned_strain_workflow.py,193,4,47,33,277
analysis\electrostatics\charges.py,192,0,101,45,338
analysis\base.py,186,0,131,49,366
engine\base.py,186,0,25,28,239
analysis\trajectory\dihedral.py,184,0,177,66,427
count_loc.py,184,23,24,45,276
workflows\force_field_opt\cell_parameters.py,184,0,4,23,211
analysis\ferroelectrics\basal_plane_displacement_for_dipole_moment\polarization.py,181,0,17,32,230
analysis\stress_strain\z_binned_deformation_gradient_strain.py,176,0,118,51,345
analysis\trajectory\msd.py,176,14,116,69,375
analysis\electrostatics\potential_and_electric_field\trajectory.py,174,0,1,25,200
presentation\specs.py,173,2,126,49,350
workflows\ferroelectrics\switching_kinetics\plotting.py,173,0,17,25,215
presentation\plot_styles.py,172,0,7,25,204
webui\app.py,171,3,4,31,209
workflows\electrostatics\potential_and_electric_field\common.py,168,0,3,17,188
workflows\data\workflow_command_metadata.py,167,0,17,39,223
workflows\ferroelectrics\three_folded_wurtzite\polarity_workflow.py,166,0,2,22,190
core\study\schema.py,165,0,185,63,413
analysis\ferroelectrics\four_folded_wurtzite\plotting.py,164,0,2,18,184
workflows\ferroelectrics\four_folded_wurtzite\polarity_trajectory_workflow.py,164,0,2,21,187
analysis\active_sites\tract_compat.py,163,0,55,29,247
workflows\ferroelectrics\four_folded_wurtzite\polarity_workflow.py,162,0,1,17,180
workflows\force_field_opt\charge.py,161,0,4,20,185
engine\reaxff\quick_io\charges.py,160,0,5,21,186
core\study\run_engine.py,159,0,63,20,242
analysis\timeseries\geometry_optimization.py,157,0,97,43,297
core\study\io.py,155,0,601,137,893
core\runtime\progress.py,153,10,118,54,335
engine\reaxff\io\fort79_handler.py,153,18,88,48,307
engine\reaxff\generators\trainset_source_adapter.py,152,0,244,59,455
engine\reaxff\io\geo_handler.py,152,30,101,49,332
workflows\meta\introspection_workflow.py,152,17,113,63,345
core\runtime\analysis_task_manifest.py,150,7,1,16,174
presentation\convert.py,145,5,43,35,228
analysis\stress_strain\common.py,144,0,17,27,188
engine\common\generators\extended_xyz_generator.py,143,1,5,32,181
analysis\composed\RDF_analyzer.py,142,0,2,20,164
core\runtime\generator_runtime.py,141,0,125,32,298
core\runtime\command_inventory.py,139,4,3,15,161
core\storage\parsed_store.py,139,2,113,39,293
engine\common\generators\structure_transformers.py,139,5,121,48,313
engine\reaxff\io\stream_metrics.py,139,2,4,20,165
workflows\ferroelectrics\binned_dynamic_charge_workflow.py,138,0,3,20,161
presentation\plot\renderers\single.py,137,0,35,20,192
core\registry\command_catalog.py,136,2,147,50,335
core\utils\frame_utils.py,136,3,164,57,360
workflows\file_tools\jaguar_isomer_workflow.py,136,1,5,18,160
workflows\ferroelectrics\basal_plane_displacement_for_dipole_moment\polarization_workflow.py,135,0,5,22,162
analysis\electrostatics\potential_and_electric_field\spatial.py,134,0,2,18,154
analysis\control\control.py,132,0,101,48,281
workflows\ferroelectrics\charge_extxyz_workflow.py,131,0,1,18,150
workflows\file_tools\params_workflow.py,128,0,45,38,211
workflows\ferroelectrics\three_folded_wurtzite\polarity_trajectory_workflow.py,127,0,1,23,151
analysis\stress_strain\z_binned_strain_using_top_bottom_atoms.py,126,0,113,40,279
workflows\ferroelectrics\three_folded_wurtzite\common.py,126,0,2,11,139
engine\reaxff\generators\vregime_generator.py,125,0,61,34,220
analysis\connectivity\stream_state.py,124,1,5,17,147
presentation\plot\renderers\diagnostic_evolution.py,121,0,2,12,135
utils\numerical\fft.py,121,0,112,37,270
engine\reaxff\io\geo_restraint_handler.py,120,0,3,16,139
engine\reaxff\io\fort76_handler.py,118,14,96,62,290
workflows\electrostatics\potential_and_electric_field\artifacts.py,118,0,1,18,137
analysis\kinematics\kinematics.py,117,0,98,41,256
core\runtime\reducers.py,117,0,9,32,158
webui\ui\analysis\callback_sections\plot_callbacks.py,116,0,1,12,129
workflows\ferroelectrics\three_folded_wurtzite\artifacts.py,113,1,1,15,130
engine\reaxff\io\molfra_handler.py,112,6,106,49,273
engine\reaxff\io\control_handler.py,111,20,78,43,252
webui\presentation\plot_summary.py,111,2,1,9,123
presentation\plot\renderers\multi_subplots.py,110,0,41,20,171
engine\reaxff\generators\tregime_generator.py,107,0,75,36,218
analysis\ferroelectrics\polarization_stream.py,106,3,1,7,117
presentation\plot\renderers\heatmap2d.py,106,0,35,18,159
core\platform\engine_resolver.py,104,0,64,33,201
webui\backend\serializer.py,103,0,4,15,122
analysis\trajectory\blocked_msd.py,99,3,1,7,110
engine\lammps\trajectory_frame.py,98,0,6,5,109
engine\reaxff\generators\trajectory_frame.py,98,0,8,11,117
analysis\force_field\MM_summary.py,96,0,102,40,238
workflows\electrostatics\potential_and_electric_field\potential_and_electric_field_workflow.py,96,0,2,17,115
core\results_shaping\result_time_enrichment.py,95,0,45,30,170
webui\ui\shell\workspace_callbacks.py,94,0,1,8,103
workflows\timeseries\get_frames_count.py,94,0,6,17,117
webui\ui\analysis\callback_sections\job_callbacks.py,93,0,1,5,99
core\resolve\command_alias_resolver.py,90,0,260,69,419
core\runtime\provenance.py,90,0,5,17,112
engine\reaxff\io\fort78_handler.py,90,9,74,43,216
presentation\plot\renderers\wireframe3d_subplots.py,90,0,38,23,151
workflows\file_tools\isomer_trainset_workflow.py,90,0,3,10,103
analysis\ferroelectrics\__init__.py,88,0,1,3,92
webui\ui\logs\callbacks.py,88,0,2,12,102
workflows\file_tools\fort7_workflow.py,87,0,41,19,147
analysis\ferroelectrics\polarity_stream.py,85,0,2,10,97
core\runtime\trajectory_spool.py,85,0,1,7,93
engine\reaxff\io\fort74_handler.py,85,10,89,55,239
help\introspection_utils.py,85,4,128,54,271
analysis\force_field\__init__.py,84,0,1,2,87
core\platform\log.py,83,0,69,31,183
presentation\workflow_artifacts.py,83,0,5,15,103
webui\presentation\registry.py,83,0,2,7,92
analysis\force_field\optimization_progress.py,82,0,95,38,215
analysis\timeseries\__init__.py,82,0,1,2,85
core\resolve\alias.py,82,0,111,47,240
engine\reaxff\adapter_parts\writers.py,82,0,10,18,110
webui\backend\adapters\result_normalizer.py,82,0,3,15,100
engine\reaxff\adapter_parts\io_paths.py,81,3,13,20,117
engine\reaxff\io\summary_handler.py,81,6,83,45,215
core\registry\generator_cli_routing_registry.py,80,0,68,25,173
webui\ui\analysis\tasks\validation.py,80,0,3,7,90
workflows\ferroelectrics\basal_plane_displacement_for_dipole_moment\dipole_workflow.py,80,0,5,22,107
engine\reaxff\generators\addmol_generator.py,79,0,48,31,158
engine\reaxff\io\fort99_handler.py,79,7,57,33,176
webui\backend\row_filters.py,79,0,1,12,92
workflows\meta\help_workflow.py,78,0,12,21,111
core\study\init.py,77,0,170,45,292
presentation\export_utils.py,76,0,64,26,166
workflows\ferroelectrics\four_folded_wurtzite\neighbors_workflow.py,75,0,1,17,93
workflows\ferroelectrics\three_folded_wurtzite\neighbors_workflow.py,75,0,1,20,96
analysis\molecular_analysis\__init__.py,74,0,1,2,77
analysis\trajectory\pbc.py,74,0,54,27,155
cli\path.py,74,2,45,21,142
engine\reaxff\io\fort73_handler.py,74,15,62,42,193
webui\ui\analysis\callback_sections\table_callbacks.py,74,2,1,7,84
webui\presentation\renderers\scatter3d.py,72,0,1,12,85
analysis\trajectory\msd_task.py,71,0,2,10,83
utils\numerical\autocorrelation.py,71,0,74,28,173
analysis\ferroelectrics\poled_counts.py,69,0,2,14,85
core\runtime\result_stream.py,69,0,7,10,86
engine\reaxff\io\params_handler.py,69,6,57,35,167
workflows\file_tools\fort83_workflow.py,69,0,41,18,128
webui\presentation\renderers\single.py,68,0,1,13,82
analysis\molecular_analysis\lifetime_stream.py,67,0,1,7,75
workflows\electrostatics\potential_and_electric_field\trajectory_workflow.py,67,0,2,17,86
core\runtime\__init__.py,66,0,7,5,78
engine\ams\trajectory_frame.py,66,0,2,6,74
presentation\plot\registry.py,66,1,37,15,119
analysis\molecular_analysis\frame_stream.py,64,0,1,7,72
analysis\stress_strain\streaming.py,64,0,1,8,73
cli\help_metadata.py,64,4,0,12,80
analysis\active_sites\pbc.py,63,0,116,39,218
engine\reaxff\io\eregime_handler.py,63,4,52,36,155
engine\reaxff\quick_io\xmolout_identity.py,63,0,6,12,81
webui\ui\analysis\components.py,63,0,5,10,78
workflows\file_tools\addmol_workflow.py,63,0,41,21,125
webui\presentation\perf_config.py,62,0,3,10,75
presentation\plot\__init__.py,61,0,300,65,426
presentation\plot\renderers\wireframe3d.py,61,0,35,17,113
workflows\file_tools\trainset_export.py,61,0,4,18,83
workflows\file_tools\xmolout_workflow.py,61,0,41,19,121
engine\reaxff\io\fort57_handler.py,60,6,68,41,175
presentation\plot\renderers\errorbar.py,60,0,35,18,113
presentation\plot\renderers\grouped_bar.py,60,0,2,14,76
presentation\plot\renderers\tornado.py,60,0,35,13,108
workflows\file_tools\tregime_workflow.py,60,0,41,19,120
workflows\file_tools\vregime_workflow.py,60,0,41,19,120
utils\numerical\signal_ops.py,59,0,57,22,138
webui\ui\layout.py,59,0,2,5,66
engine\reaxff\generators\charges_generator.py,58,0,40,27,125
workflows\file_tools\charges_workflow.py,57,0,41,19,117
workflows\file_tools\kopple2_workflow.py,57,0,41,19,117
analysis\electrostatics\__init__.py,56,0,1,2,59
analysis\trajectory\__init__.py,56,0,1,2,59
engine\reaxff\io\fort13_handler.py,55,4,75,33,167
webui\backend\schemas.py,55,0,10,23,88
webui\dash_app.py,55,0,2,10,67
analysis\ferroelectrics\hbn_reference\__init__.py,54,0,1,2,57
core\runtime\frame_tables.py,54,0,5,11,70
presentation\plot\renderers\dual_yaxis.py,54,0,35,14,103
workflows\meta\command_alias_workflow.py,54,0,41,22,117
workflows\presentation\gen_video_workflow.py,53,0,41,19,113
engine\ams\rkf_handler.py,52,0,38,22,112
webui\backend\byte_cache.py,52,0,1,12,65
engine\reaxff\generators\kopple2_generator.py,51,0,40,27,118
engine\reaxff\generators\elastic_tensor.py,49,0,6,14,69
workflows\study_design\cli_help.py,49,0,9,5,63
analysis\electrostatics\potential_and_electric_field\physics.py,46,0,1,14,61
core\resolve\user_command_aliases.py,46,0,110,31,187
webui\backend\adapters\executor_adapter.py,46,2,2,12,62
webui\ui\analysis\callbacks.py,46,0,30,14,90
workflows\ferroelectrics\switching_kinetics\comparison_workflow.py,46,0,10,19,75
core\study\naming.py,45,0,206,53,304
analysis\active_sites\__init__.py,44,0,1,3,48
analysis\connectivity\__init__.py,44,0,1,2,47
analysis\ferroelectrics\three_folded_wurtzite\__init__.py,44,0,1,2,47
webui\backend\tabular_payload.py,44,1,4,11,60
core\study\logging.py,43,0,195,47,285
engine\common\generators\trajectory_frame.py,43,0,6,11,60
engine\reaxff\adapter_parts\molecular_stream.py,43,0,1,5,49
presentation\plot\renderers\directed.py,43,0,35,13,91
analysis\ferroelectrics\switching_kinetics\kai.py,42,0,10,11,63
cli\inventory.py,42,0,2,12,56
core\__init__.py,42,0,6,4,52
engine\common\generators\xyz_generator.py,42,0,29,18,89
workflows\ferroelectrics\switching_kinetics\kai_workflow.py,42,0,10,19,71
workflows\ferroelectrics\switching_kinetics\nls_workflow.py,42,0,10,19,71
workflows\ferroelectrics\switching_kinetics\snng_workflow.py,42,0,10,19,71
engine\reaxff\adapter_parts\timing.py,41,0,11,11,63
webui\ui\shared\forms.py,41,1,3,6,51
analysis\electrostatics\potential_and_electric_field\parameters.py,40,0,1,10,51
presentation\plot\renderers\boxplot.py,40,0,35,18,93
analysis\ferroelectrics\switching_kinetics\snng.py,39,0,12,13,64
core\registry\analysis_task_registry.py,39,0,60,25,124
engine\lammps\lammps_log_handler.py,39,0,29,17,85
engine\reaxff\io\fort83_handler.py,39,0,9,18,66
webui\ui\analysis\tasks\__init__.py,39,1,1,11,52
workflows\timeseries\get_partial_energy.py,39,0,1,8,48
analysis\ferroelectrics\four_folded_wurtzite\__init__.py,38,0,1,2,41
analysis\ferroelectrics\switching_kinetics\nls.py,38,3,10,13,64
core\runtime\priority_task_manifest.py,38,0,1,9,48
presentation\plot\renderers\base.py,38,0,114,31,183
core\runtime\reference_frames.py,37,0,6,7,50
webui\ui\shell\components.py,37,0,1,2,40
analysis\ferroelectrics\basal_plane_displacement_for_dipole_moment\__init__.py,36,0,1,2,39
core\results_shaping\result_bundle.py,36,0,51,18,105
workflows\timeseries\get_electric_field.py,36,0,1,9,46
core\runtime\cli_policy.py,35,0,1,6,42
webui\presentation\renderers\histogram.py,35,0,1,8,44
webui\ui\analysis\tasks\form_utils.py,35,0,1,13,49
webui\ui\analysis\tasks\ui_hints.py,35,0,3,9,47
webui\ui\shared\workspace.py,35,0,1,10,46
presentation\plot\renderers\scatter3d.py,34,0,35,13,82
utils\numerical\extrema_finder.py,34,0,38,24,96
analysis\trajectory\frame_count.py,33,0,5,15,53
workflows\ferroelectrics\three_folded_wurtzite\__init__.py,33,0,1,3,37
analysis\ferroelectrics\neighbor_stream.py,32,0,1,5,38
engine\reaxff\io\frame_header_validation.py,32,0,2,8,42
workflows\timeseries\get_cell_dimensions.py,32,0,1,9,42
workflows\timeseries\get_charge.py,32,0,1,9,42
presentation\movie\make_video.py,31,6,57,27,121
workflows\timeseries\__init__.py,31,0,1,2,34
workflows\timeseries\get_potential_energy.py,31,0,1,9,41
workflows\timeseries\get_restraint.py,31,0,1,9,41
utils\numerical\moving_average.py,30,0,65,20,115
webui\runtime_paths.py,30,0,54,23,107
workflows\ferroelectrics\basal_plane_displacement_for_dipole_moment\__init__.py,30,0,1,3,34
workflows\timeseries\get_displacement.py,30,0,1,9,40
workflows\force_field_opt\__init__.py,29,0,1,2,32
workflows\timeseries\get_geometry_optimization.py,29,0,1,9,39
workflows\timeseries\get_trajectory.py,29,0,1,9,39
core\registry\workflow_cli_routing_registry.py,28,0,72,25,125
core\command_registry.py,27,2,1,3,33
utils\alias.py,27,0,3,7,37
utils\numerical\numerical_calcs.py,27,2,28,18,75
webui\ui\logs\components.py,27,0,2,4,33
analysis\__init__.py,26,0,5,3,34
engine\common\io\geo_io.py,26,0,49,18,93
presentation\kymograph.py,26,0,2,4,32
analysis\active_sites\classification.py,25,0,46,10,81
workflows\ferroelectrics\four_folded_wurtzite\__init__.py,25,0,1,3,29
presentation\units.py,24,0,59,26,109
utils\equation_of_states.py,24,0,79,22,125
utils\numerical\__init__.py,24,0,9,5,38
workflows\timeseries\get_a.py,24,0,1,9,34
workflows\timeseries\get_alpha.py,24,0,1,9,34
workflows\timeseries\get_b.py,24,0,1,9,34
workflows\timeseries\get_beta.py,24,0,1,9,34
workflows\timeseries\get_c.py,24,0,1,9,34
workflows\timeseries\get_density.py,24,0,1,9,34
workflows\timeseries\get_elapsed_time.py,24,0,1,9,34
workflows\timeseries\get_gamma.py,24,0,1,9,34
workflows\timeseries\get_num_of_atoms.py,24,0,1,9,34
workflows\timeseries\get_pressure.py,24,0,1,9,34
workflows\timeseries\get_temperature.py,24,0,1,9,34
workflows\timeseries\get_total_atoms.py,24,0,1,9,34
workflows\timeseries\get_total_molecular_mass.py,24,0,1,9,34
workflows\timeseries\get_total_molecules.py,24,0,1,9,34
workflows\timeseries\get_volume.py,24,0,1,9,34
analysis\electrostatics\potential_and_electric_field\__init__.py,23,0,1,2,26
workflows\timeseries\get_molecular_frequency.py,23,0,1,9,33
webui\ui\analysis\callback_sections\__init__.py,22,0,1,2,25
workflows\timeseries\get_molecular_totals.py,22,0,1,9,32
core\platform\constants.py,21,0,40,19,80
engine\reaxff\adapter_parts\__init__.py,21,0,8,5,34
presentation\plot\renderers\kymograph.py,21,0,1,6,28
webui\backend\metrics.py,21,0,1,5,27
cli_startup.py,20,0,4,11,35
presentation\report_registry.py,20,0,58,22,100
workflows\timeseries\get_eregime.py,19,0,1,9,29
analysis\stress_strain\__init__.py,18,0,1,2,21
core\task_resolution_using_alias.py,18,0,1,2,21
engine\reaxff\quick_io\__init__.py,18,0,1,2,21
workflows\meta\gui_workflow.py,18,0,9,11,38
analysis\ferroelectrics\switching_kinetics\__init__.py,16,0,1,2,19
webui\backend\adapters\engine_probe.py,15,1,2,5,23
workflows\ferroelectrics\hbn_reference\__init__.py,14,0,1,2,17
core\platform\paths.py,13,0,2,6,21
workflows\study_design\study_workflow.py,13,1,11,12,37
webui\ui\shared\debounce.py,12,0,2,9,23
workflows\electrostatics\potential_and_electric_field\__init__.py,11,0,1,3,15
analysis\control\__init__.py,10,0,1,2,13
analysis\kinematics\__init__.py,10,0,1,2,13
analysis\params\__init__.py,10,0,1,2,13
core\task_registry.py,10,0,1,3,14
presentation\__init__.py,10,0,9,8,27
webui\callbacks.py,10,0,2,6,18
workflows\electrostatics\__init__.py,10,0,1,2,13
workflows\stress_strain\__init__.py,7,0,1,2,10
workflows\ferroelectrics\__init__.py,6,0,1,2,9
presentation\stress_strain\__init__.py,5,0,1,2,8
workflows\__init__.py,5,0,7,5,17
workflows\result_bundle.py,5,0,1,2,8
core\platform\exceptions.py,4,0,20,8,32
domain\base_request.py,4,0,17,9,30
domain\base_result.py,4,0,17,9,30
engine\__init__.py,4,0,1,2,7
cli\__init__.py,3,0,1,1,5
core\analysis_executor.py,3,0,1,3,7
io\__init__.py,3,0,1,2,6
webui\__init__.py,3,0,1,2,6
webui\presentation\__init__.py,3,0,1,2,6
io\base_handler.py,2,0,1,2,5
io\handlers\__init__.py,2,0,1,2,5
io\handlers\xmolout_handler.py,2,0,1,2,5
webui\ui\shared\styles.py,2,0,1,0,3
workflows\ferroelectrics\switching_kinetics\__init__.py,2,0,5,3,10
engine\ams\__init__.py,1,0,0,0,1
engine\lammps\__init__.py,1,0,0,0,1
engine\reaxff\__init__.py,1,0,0,0,1
workflows\meta\study_workflow.py,1,0,4,3,8
__init__.py,0,0,0,0,0
analysis\composed\__init__.py,0,0,1,1,2
analysis\data\__init__.py,0,0,1,0,1
core\platform\__init__.py,0,0,7,3,10
core\registry\__init__.py,0,0,7,3,10
core\resolve\__init__.py,0,0,7,3,10
core\results_shaping\__init__.py,0,0,7,3,10
core\storage\__init__.py,0,0,7,3,10
core\study\__init__.py,0,0,6,3,9
core\utils\__init__.py,0,0,7,3,10
engine\common\__init__.py,0,0,0,0,0
engine\common\data\__init__.py,0,0,0,0,0
engine\common\generators\__init__.py,0,0,0,0,0
engine\common\io\__init__.py,0,0,0,0,0
engine\reaxff\data\__init__.py,0,0,1,0,1
engine\reaxff\generators\__init__.py,0,0,8,3,11
engine\reaxff\io\__init__.py,0,0,8,3,11
help\__init__.py,0,0,5,1,6
help\data\__init__.py,0,0,1,0,1
presentation\active_sites\__init__.py,0,0,7,3,10
presentation\movie\__init__.py,0,0,8,3,11
presentation\plot\renderers\__init__.py,0,0,6,2,8
utils\__init__.py,0,0,5,1,6
webui\backend\__init__.py,0,0,1,1,2
webui\backend\adapters\__init__.py,0,0,1,1,2
webui\presentation\renderers\__init__.py,0,0,1,1,2
webui\ui\__init__.py,0,0,1,0,1
webui\ui\analysis\__init__.py,0,0,1,0,1
webui\ui\logs\__init__.py,0,0,1,0,1
webui\ui\shared\__init__.py,0,0,1,0,1
webui\ui\shell\__init__.py,0,0,1,0,1
workflows\file_tools\__init__.py,0,0,7,3,10
workflows\meta\__init__.py,0,0,7,3,10
workflows\per_file\__init__.py,0,0,1,1,2
workflows\presentation\__init__.py,0,0,0,0,0
workflows\study_design\__init__.py,0,0,8,4,12
